x,y,value
60.18,24.580000000000002,32767
60.68,24.580000000000002,32767
61.18,24.580000000000002,32767
61.68,24.580000000000002,32767
62.18,24.580000000000002,32767
62.68,24.580000000000002,32767
63.18,24.580000000000002,32767
63.68,24.580000000000002,32767
64.18,24.580000000000002,32767
64.68,24.580000000000002,32767
65.18,24.580000000000002,32767
65.68,24.580000000000002,32767
66.18,24.580000000000002,32767
66.68,24.580000000000002,32767
67.18,24.580000000000002,32767
67.68,24.580000000000002,32767
68.18,24.580000000000002,32767
68.68,24.580000000000002,32767
69.18,24.580000000000002,32767
69.68,24.580000000000002,32767
70.18,24.580000000000002,32767
70.68,24.580000000000002,32767
71.18,24.580000000000002,32767
71.68,24.580000000000002,32767
72.18,24.580000000000002,32767
72.68,24.580000000000002,32767
73.18,24.580000000000002,32767
73.68,24.580000000000002,32767
74.18,24.580000000000002,32767
74.68,24.580000000000002,32767
75.18,24.580000000000002,32767
75.68,24.580000000000002,32767
76.18,24.580000000000002,32767
76.68,24.580000000000002,32767
77.18,24.580000000000002,32767
77.68,24.580000000000002,32767
78.18,24.580000000000002,32767
78.68,24.580000000000002,32767
79.18,24.580000000000002,32767
79.68,24.580000000000002,32767
80.18,24.580000000000002,32767
80.68,24.580000000000002,32767
81.18,24.580000000000002,32767
81.68,24.580000000000002,32767
82.18,24.580000000000002,32767
82.68,24.580000000000002,32767
83.18,24.580000000000002,32767
83.68,24.580000000000002,32767
84.18,24.580000000000002,32767
84.68,24.580000000000002,32767
85.18,24.580000000000002,32767
85.68,24.580000000000002,32767
86.18,24.580000000000002,32767
86.68,24.580000000000002,32767
87.18,24.580000000000002,32767
87.68,24.580000000000002,32767
88.18,24.580000000000002,32767
88.68,24.580000000000002,32767
89.18,24.580000000000002,32767
89.68,24.580000000000002,32767
90.18,24.580000000000002,32767
90.68,24.580000000000002,32767
91.18,24.580000000000002,32767
91.68,24.580000000000002,32767
92.18,24.580000000000002,32767
92.68,24.580000000000002,32767
60.18,24.080000000000002,2
60.68,24.080000000000002,2
61.18,24.080000000000002,2
61.68,24.080000000000002,2
62.18,24.080000000000002,2
62.68,24.080000000000002,2
63.18,24.080000000000002,2
63.68,24.080000000000002,2
64.18,24.080000000000002,2
64.68,24.080000000000002,2
65.18,24.080000000000002,3
65.68,24.080000000000002,4
66.18,24.080000000000002,4
66.68,24.080000000000002,4
67.18,24.080000000000002,4
67.68,24.080000000000002,5
68.18,24.080000000000002,5
68.68,24.080000000000002,5
69.18,24.080000000000002,5
69.68,24.080000000000002,5
70.18,24.080000000000002,5
70.68,24.080000000000002,5
71.18,24.080000000000002,5
71.68,24.080000000000002,5
72.18,24.080000000000002,5
72.68,24.080000000000002,5
73.18,24.080000000000002,5
73.68,24.080000000000002,5
74.18,24.080000000000002,5
74.68,24.080000000000002,5
75.18,24.080000000000002,5
75.68,24.080000000000002,5
76.18,24.080000000000002,5
76.68,24.080000000000002,5
77.18,24.080000000000002,5
77.68,24.080000000000002,5
78.18,24.080000000000002,5
78.68,24.080000000000002,5
79.18,24.080000000000002,5
79.68,24.080000000000002,5
80.18,24.080000000000002,5
80.68,24.080000000000002,5
81.18,24.080000000000002,5
81.68,24.080000000000002,5
82.18,24.080000000000002,5
82.68,24.080000000000002,5
83.18,24.080000000000002,5
83.68,24.080000000000002,5
84.18,24.080000000000002,5
84.68,24.080000000000002,5
85.18,24.080000000000002,5
85.68,24.080000000000002,5
86.18,24.080000000000002,5
86.68,24.080000000000002,5
87.18,24.080000000000002,5
87.68,24.080000000000002,5
88.18,24.080000000000002,5
88.68,24.080000000000002,5
89.18,24.080000000000002,5
89.68,24.080000000000002,5
90.18,24.080000000000002,5
90.68,24.080000000000002,5
91.18,24.080000000000002,5
91.68,24.080000000000002,5
92.18,24.080000000000002,5
92.68,24.080000000000002,32767
60.18,23.580000000000002,1
60.68,23.580000000000002,1
61.18,23.580000000000002,1
61.68,23.580000000000002,1
62.18,23.580000000000002,1
62.68,23.580000000000002,1
63.18,23.580000000000002,1
63.68,23.580000000000002,2
64.18,23.580000000000002,2
64.68,23.580000000000002,2
65.18,23.580000000000002,3
65.68,23.580000000000002,3
66.18,23.580000000000002,4
66.68,23.580000000000002,4
67.18,23.580000000000002,4
67.68,23.580000000000002,4
68.18,23.580000000000002,4
68.68,23.580000000000002,5
69.18,23.580000000000002,5
69.68,23.580000000000002,5
70.18,23.580000000000002,5
70.68,23.580000000000002,5
71.18,23.580000000000002,5
71.68,23.580000000000002,5
72.18,23.580000000000002,5
72.68,23.580000000000002,5
73.18,23.580000000000002,5
73.68,23.580000000000002,5
74.18,23.580000000000002,5
74.68,23.580000000000002,5
75.18,23.580000000000002,5
75.68,23.580000000000002,5
76.18,23.580000000000002,5
76.68,23.580000000000002,5
77.18,23.580000000000002,5
77.68,23.580000000000002,5
78.18,23.580000000000002,5
78.68,23.580000000000002,5
79.18,23.580000000000002,5
79.68,23.580000000000002,5
80.18,23.580000000000002,5
80.68,23.580000000000002,5
81.18,23.580000000000002,5
81.68,23.580000000000002,5
82.18,23.580000000000002,5
82.68,23.580000000000002,5
83.18,23.580000000000002,5
83.68,23.580000000000002,5
84.18,23.580000000000002,5
84.68,23.580000000000002,5
85.18,23.580000000000002,5
85.68,23.580000000000002,5
86.18,23.580000000000002,5
86.68,23.580000000000002,5
87.18,23.580000000000002,5
87.68,23.580000000000002,5
88.18,23.580000000000002,5
88.68,23.580000000000002,5
89.18,23.580000000000002,5
89.68,23.580000000000002,5
90.18,23.580000000000002,5
90.68,23.580000000000002,5
91.18,23.580000000000002,5
91.68,23.580000000000002,5
92.18,23.580000000000002,5
92.68,23.580000000000002,32767
60.18,23.080000000000002,1
60.68,23.080000000000002,1
61.18,23.080000000000002,1
61.68,23.080000000000002,1
62.18,23.080000000000002,2
62.68,23.080000000000002,2
63.18,23.080000000000002,2
63.68,23.080000000000002,2
64.18,23.080000000000002,2
64.68,23.080000000000002,2
65.18,23.080000000000002,2
65.68,23.080000000000002,3
66.18,23.080000000000002,3
66.68,23.080000000000002,4
67.18,23.080000000000002,4
67.68,23.080000000000002,4
68.18,23.080000000000002,4
68.68,23.080000000000002,4
69.18,23.080000000000002,5
69.68,23.080000000000002,5
70.18,23.080000000000002,5
70.68,23.080000000000002,5
71.18,23.080000000000002,5
71.68,23.080000000000002,5
72.18,23.080000000000002,5
72.68,23.080000000000002,5
73.18,23.080000000000002,5
73.68,23.080000000000002,5
74.18,23.080000000000002,5
74.68,23.080000000000002,5
75.18,23.080000000000002,5
75.68,23.080000000000002,5
76.18,23.080000000000002,5
76.68,23.080000000000002,5
77.18,23.080000000000002,5
77.68,23.080000000000002,5
78.18,23.080000000000002,5
78.68,23.080000000000002,5
79.18,23.080000000000002,5
79.68,23.080000000000002,5
80.18,23.080000000000002,5
80.68,23.080000000000002,5
81.18,23.080000000000002,5
81.68,23.080000000000002,5
82.18,23.080000000000002,5
82.68,23.080000000000002,5
83.18,23.080000000000002,5
83.68,23.080000000000002,5
84.18,23.080000000000002,5
84.68,23.080000000000002,5
85.18,23.080000000000002,5
85.68,23.080000000000002,5
86.18,23.080000000000002,5
86.68,23.080000000000002,5
87.18,23.080000000000002,5
87.68,23.080000000000002,5
88.18,23.080000000000002,5
88.68,23.080000000000002,5
89.18,23.080000000000002,5
89.68,23.080000000000002,5
90.18,23.080000000000002,5
90.68,23.080000000000002,5
91.18,23.080000000000002,5
91.68,23.080000000000002,5
92.18,23.080000000000002,5
92.68,23.080000000000002,32767
60.18,22.580000000000002,1
60.68,22.580000000000002,1
61.18,22.580000000000002,1
61.68,22.580000000000002,1
62.18,22.580000000000002,2
62.68,22.580000000000002,2
63.18,22.580000000000002,2
63.68,22.580000000000002,3
64.18,22.580000000000002,2
64.68,22.580000000000002,2
65.18,22.580000000000002,2
65.68,22.580000000000002,2
66.18,22.580000000000002,3
66.68,22.580000000000002,3
67.18,22.580000000000002,4
67.68,22.580000000000002,4
68.18,22.580000000000002,4
68.68,22.580000000000002,4
69.18,22.580000000000002,5
69.68,22.580000000000002,5
70.18,22.580000000000002,5
70.68,22.580000000000002,5
71.18,22.580000000000002,5
71.68,22.580000000000002,5
72.18,22.580000000000002,5
72.68,22.580000000000002,5
73.18,22.580000000000002,5
73.68,22.580000000000002,5
74.18,22.580000000000002,5
74.68,22.580000000000002,5
75.18,22.580000000000002,5
75.68,22.580000000000002,5
76.18,22.580000000000002,5
76.68,22.580000000000002,5
77.18,22.580000000000002,5
77.68,22.580000000000002,5
78.18,22.580000000000002,5
78.68,22.580000000000002,5
79.18,22.580000000000002,5
79.68,22.580000000000002,5
80.18,22.580000000000002,5
80.68,22.580000000000002,5
81.18,22.580000000000002,5
81.68,22.580000000000002,5
82.18,22.580000000000002,5
82.68,22.580000000000002,5
83.18,22.580000000000002,5
83.68,22.580000000000002,5
84.18,22.580000000000002,5
84.68,22.580000000000002,5
85.18,22.580000000000002,5
85.68,22.580000000000002,5
86.18,22.580000000000002,5
86.68,22.580000000000002,5
87.18,22.580000000000002,5
87.68,22.580000000000002,5
88.18,22.580000000000002,5
88.68,22.580000000000002,5
89.18,22.580000000000002,5
89.68,22.580000000000002,5
90.18,22.580000000000002,5
90.68,22.580000000000002,5
91.18,22.580000000000002,5
91.68,22.580000000000002,5
92.18,22.580000000000002,5
92.68,22.580000000000002,32767
60.18,22.080000000000002,2
60.68,22.080000000000002,1
61.18,22.080000000000002,1
61.68,22.080000000000002,2
62.18,22.080000000000002,2
62.68,22.080000000000002,2
63.18,22.080000000000002,2
63.68,22.080000000000002,2
64.18,22.080000000000002,2
64.68,22.080000000000002,2
65.18,22.080000000000002,2
65.68,22.080000000000002,2
66.18,22.080000000000002,2
66.68,22.080000000000002,3
67.18,22.080000000000002,3
67.68,22.080000000000002,4
68.18,22.080000000000002,4
68.68,22.080000000000002,4
69.18,22.080000000000002,5
69.68,22.080000000000002,5
70.18,22.080000000000002,5
70.68,22.080000000000002,5
71.18,22.080000000000002,5
71.68,22.080000000000002,5
72.18,22.080000000000002,5
72.68,22.080000000000002,5
73.18,22.080000000000002,5
73.68,22.080000000000002,5
74.18,22.080000000000002,5
74.68,22.080000000000002,5
75.18,22.080000000000002,5
75.68,22.080000000000002,5
76.18,22.080000000000002,5
76.68,22.080000000000002,5
77.18,22.080000000000002,5
77.68,22.080000000000002,5
78.18,22.080000000000002,5
78.68,22.080000000000002,5
79.18,22.080000000000002,5
79.68,22.080000000000002,5
80.18,22.080000000000002,5
80.68,22.080000000000002,5
81.18,22.080000000000002,5
81.68,22.080000000000002,5
82.18,22.080000000000002,5
82.68,22.080000000000002,5
83.18,22.080000000000002,5
83.68,22.080000000000002,5
84.18,22.080000000000002,5
84.68,22.080000000000002,5
85.18,22.080000000000002,5
85.68,22.080000000000002,5
86.18,22.080000000000002,5
86.68,22.080000000000002,5
87.18,22.080000000000002,5
87.68,22.080000000000002,5
88.18,22.080000000000002,5
88.68,22.080000000000002,5
89.18,22.080000000000002,5
89.68,22.080000000000002,5
90.18,22.080000000000002,5
90.68,22.080000000000002,5
91.18,22.080000000000002,4
91.68,22.080000000000002,5
92.18,22.080000000000002,5
92.68,22.080000000000002,32767
60.18,21.580000000000002,2
60.68,21.580000000000002,1
61.18,21.580000000000002,1
61.68,21.580000000000002,2
62.18,21.580000000000002,2
62.68,21.580000000000002,2
63.18,21.580000000000002,1
63.68,21.580000000000002,1
64.18,21.580000000000002,1
64.68,21.580000000000002,1
65.18,21.580000000000002,2
65.68,21.580000000000002,2
66.18,21.580000000000002,2
66.68,21.580000000000002,2
67.18,21.580000000000002,3
67.68,21.580000000000002,3
68.18,21.580000000000002,4
68.68,21.580000000000002,4
69.18,21.580000000000002,4
69.68,21.580000000000002,5
70.18,21.580000000000002,5
70.68,21.580000000000002,5
71.18,21.580000000000002,5
71.68,21.580000000000002,5
72.18,21.580000000000002,4
72.68,21.580000000000002,5
73.18,21.580000000000002,5
73.68,21.580000000000002,5
74.18,21.580000000000002,5
74.68,21.580000000000002,5
75.18,21.580000000000002,5
75.68,21.580000000000002,5
76.18,21.580000000000002,5
76.68,21.580000000000002,5
77.18,21.580000000000002,5
77.68,21.580000000000002,5
78.18,21.580000000000002,5
78.68,21.580000000000002,5
79.18,21.580000000000002,5
79.68,21.580000000000002,5
80.18,21.580000000000002,5
80.68,21.580000000000002,5
81.18,21.580000000000002,5
81.68,21.580000000000002,5
82.18,21.580000000000002,5
82.68,21.580000000000002,5
83.18,21.580000000000002,5
83.68,21.580000000000002,5
84.18,21.580000000000002,5
84.68,21.580000000000002,5
85.18,21.580000000000002,5
85.68,21.580000000000002,5
86.18,21.580000000000002,5
86.68,21.580000000000002,5
87.18,21.580000000000002,5
87.68,21.580000000000002,5
88.18,21.580000000000002,5
88.68,21.580000000000002,5
89.18,21.580000000000002,5
89.68,21.580000000000002,5
90.18,21.580000000000002,4
90.68,21.580000000000002,4
91.18,21.580000000000002,4
91.68,21.580000000000002,4
92.18,21.580000000000002,5
92.68,21.580000000000002,32767
60.18,21.080000000000002,1
60.68,21.080000000000002,1
61.18,21.080000000000002,2
61.68,21.080000000000002,2
62.18,21.080000000000002,1
62.68,21.080000000000002,1
63.18,21.080000000000002,1
63.68,21.080000000000002,1
64.18,21.080000000000002,1
64.68,21.080000000000002,1
65.18,21.080000000000002,2
65.68,21.080000000000002,2
66.18,21.080000000000002,2
66.68,21.080000000000002,2
67.18,21.080000000000002,2
67.68,21.080000000000002,2
68.18,21.080000000000002,3
68.68,21.080000000000002,3
69.18,21.080000000000002,4
69.68,21.080000000000002,4
70.18,21.080000000000002,4
70.68,21.080000000000002,5
71.18,21.080000000000002,5
71.68,21.080000000000002,5
72.18,21.080000000000002,4
72.68,21.080000000000002,5
73.18,21.080000000000002,5
73.68,21.080000000000002,5
74.18,21.080000000000002,5
74.68,21.080000000000002,5
75.18,21.080000000000002,5
75.68,21.080000000000002,5
76.18,21.080000000000002,5
76.68,21.080000000000002,5
77.18,21.080000000000002,5
77.68,21.080000000000002,5
78.18,21.080000000000002,5
78.68,21.080000000000002,5
79.18,21.080000000000002,5
79.68,21.080000000000002,5
80.18,21.080000000000002,5
80.68,21.080000000000002,5
81.18,21.080000000000002,5
81.68,21.080000000000002,5
82.18,21.080000000000002,5
82.68,21.080000000000002,5
83.18,21.080000000000002,5
83.68,21.080000000000002,5
84.18,21.080000000000002,5
84.68,21.080000000000002,5
85.18,21.080000000000002,5
85.68,21.080000000000002,5
86.18,21.080000000000002,5
86.68,21.080000000000002,5
87.18,21.080000000000002,4
87.68,21.080000000000002,4
88.18,21.080000000000002,4
88.68,21.080000000000002,4
89.18,21.080000000000002,4
89.68,21.080000000000002,4
90.18,21.080000000000002,4
90.68,21.080000000000002,4
91.18,21.080000000000002,4
91.68,21.080000000000002,4
92.18,21.080000000000002,5
92.68,21.080000000000002,32767
60.18,20.580000000000002,1
60.68,20.580000000000002,1
61.18,20.580000000000002,1
61.68,20.580000000000002,1
62.18,20.580000000000002,1
62.68,20.580000000000002,1
63.18,20.580000000000002,1
63.68,20.580000000000002,1
64.18,20.580000000000002,1
64.68,20.580000000000002,1
65.18,20.580000000000002,1
65.68,20.580000000000002,2
66.18,20.580000000000002,2
66.68,20.580000000000002,2
67.18,20.580000000000002,2
67.68,20.580000000000002,2
68.18,20.580000000000002,2
68.68,20.580000000000002,2
69.18,20.580000000000002,3
69.68,20.580000000000002,4
70.18,20.580000000000002,4
70.68,20.580000000000002,4
71.18,20.580000000000002,5
71.68,20.580000000000002,4
72.18,20.580000000000002,4
72.68,20.580000000000002,5
73.18,20.580000000000002,5
73.68,20.580000000000002,5
74.18,20.580000000000002,5
74.68,20.580000000000002,5
75.18,20.580000000000002,5
75.68,20.580000000000002,5
76.18,20.580000000000002,5
76.68,20.580000000000002,5
77.18,20.580000000000002,5
77.68,20.580000000000002,5
78.18,20.580000000000002,5
78.68,20.580000000000002,5
79.18,20.580000000000002,5
79.68,20.580000000000002,5
80.18,20.580000000000002,5
80.68,20.580000000000002,5
81.18,20.580000000000002,5
81.68,20.580000000000002,5
82.18,20.580000000000002,5
82.68,20.580000000000002,5
83.18,20.580000000000002,5
83.68,20.580000000000002,5
84.18,20.580000000000002,5
84.68,20.580000000000002,5
85.18,20.580000000000002,5
85.68,20.580000000000002,5
86.18,20.580000000000002,5
86.68,20.580000000000002,4
87.18,20.580000000000002,4
87.68,20.580000000000002,4
88.18,20.580000000000002,4
88.68,20.580000000000002,4
89.18,20.580000000000002,4
89.68,20.580000000000002,4
90.18,20.580000000000002,4
90.68,20.580000000000002,4
91.18,20.580000000000002,4
91.68,20.580000000000002,4
92.18,20.580000000000002,4
92.68,20.580000000000002,32767
60.18,20.080000000000002,1
60.68,20.080000000000002,1
61.18,20.080000000000002,1
61.68,20.080000000000002,1
62.18,20.080000000000002,1
62.68,20.080000000000002,1
63.18,20.080000000000002,1
63.68,20.080000000000002,1
64.18,20.080000000000002,1
64.68,20.080000000000002,1
65.18,20.080000000000002,1
65.68,20.080000000000002,2
66.18,20.080000000000002,2
66.68,20.080000000000002,2
67.18,20.080000000000002,1
67.68,20.080000000000002,1
68.18,20.080000000000002,1
68.68,20.080000000000002,2
69.18,20.080000000000002,3
69.68,20.080000000000002,4
70.18,20.080000000000002,4
70.68,20.080000000000002,4
71.18,20.080000000000002,4
71.68,20.080000000000002,4
72.18,20.080000000000002,4
72.68,20.080000000000002,5
73.18,20.080000000000002,5
73.68,20.080000000000002,5
74.18,20.080000000000002,5
74.68,20.080000000000002,5
75.18,20.080000000000002,5
75.68,20.080000000000002,5
76.18,20.080000000000002,5
76.68,20.080000000000002,5
77.18,20.080000000000002,5
77.68,20.080000000000002,5
78.18,20.080000000000002,5
78.68,20.080000000000002,5
79.18,20.080000000000002,5
79.68,20.080000000000002,5
80.18,20.080000000000002,5
80.68,20.080000000000002,5
81.18,20.080000000000002,5
81.68,20.080000000000002,5
82.18,20.080000000000002,5
82.68,20.080000000000002,5
83.18,20.080000000000002,5
83.68,20.080000000000002,5
84.18,20.080000000000002,5
84.68,20.080000000000002,5
85.18,20.080000000000002,5
85.68,20.080000000000002,5
86.18,20.080000000000002,5
86.68,20.080000000000002,4
87.18,20.080000000000002,4
87.68,20.080000000000002,4
88.18,20.080000000000002,4
88.68,20.080000000000002,4
89.18,20.080000000000002,4
89.68,20.080000000000002,4
90.18,20.080000000000002,4
90.68,20.080000000000002,4
91.18,20.080000000000002,4
91.68,20.080000000000002,4
92.18,20.080000000000002,4
92.68,20.080000000000002,32767
60.18,19.580000000000002,1
60.68,19.580000000000002,1
61.18,19.580000000000002,1
61.68,19.580000000000002,1
62.18,19.580000000000002,1
62.68,19.580000000000002,1
63.18,19.580000000000002,1
63.68,19.580000000000002,1
64.18,19.580000000000002,1
64.68,19.580000000000002,1
65.18,19.580000000000002,1
65.68,19.580000000000002,1
66.18,19.580000000000002,2
66.68,19.580000000000002,2
67.18,19.580000000000002,1
67.68,19.580000000000002,1
68.18,19.580000000000002,1
68.68,19.580000000000002,2
69.18,19.580000000000002,3
69.68,19.580000000000002,4
70.18,19.580000000000002,4
70.68,19.580000000000002,4
71.18,19.580000000000002,4
71.68,19.580000000000002,4
72.18,19.580000000000002,4
72.68,19.580000000000002,5
73.18,19.580000000000002,5
73.68,19.580000000000002,5
74.18,19.580000000000002,5
74.68,19.580000000000002,5
75.18,19.580000000000002,5
75.68,19.580000000000002,5
76.18,19.580000000000002,5
76.68,19.580000000000002,5
77.18,19.580000000000002,5
77.68,19.580000000000002,5
78.18,19.580000000000002,5
78.68,19.580000000000002,5
79.18,19.580000000000002,5
79.68,19.580000000000002,5
80.18,19.580000000000002,5
80.68,19.580000000000002,5
81.18,19.580000000000002,5
81.68,19.580000000000002,5
82.18,19.580000000000002,5
82.68,19.580000000000002,5
83.18,19.580000000000002,5
83.68,19.580000000000002,5
84.18,19.580000000000002,5
84.68,19.580000000000002,5
85.18,19.580000000000002,5
85.68,19.580000000000002,4
86.18,19.580000000000002,4
86.68,19.580000000000002,4
87.18,19.580000000000002,3
87.68,19.580000000000002,3
88.18,19.580000000000002,3
88.68,19.580000000000002,3
89.18,19.580000000000002,3
89.68,19.580000000000002,3
90.18,19.580000000000002,3
90.68,19.580000000000002,3
91.18,19.580000000000002,3
91.68,19.580000000000002,3
92.18,19.580000000000002,4
92.68,19.580000000000002,32767
60.18,19.080000000000002,1
60.68,19.080000000000002,1
61.18,19.080000000000002,1
61.68,19.080000000000002,1
62.18,19.080000000000002,1
62.68,19.080000000000002,1
63.18,19.080000000000002,1
63.68,19.080000000000002,1
64.18,19.080000000000002,1
64.68,19.080000000000002,1
65.18,19.080000000000002,1
65.68,19.080000000000002,1
66.18,19.080000000000002,1
66.68,19.080000000000002,1
67.18,19.080000000000002,1
67.68,19.080000000000002,1
68.18,19.080000000000002,1
68.68,19.080000000000002,1
69.18,19.080000000000002,2
69.68,19.080000000000002,3
70.18,19.080000000000002,4
70.68,19.080000000000002,4
71.18,19.080000000000002,4
71.68,19.080000000000002,4
72.18,19.080000000000002,4
72.68,19.080000000000002,5
73.18,19.080000000000002,5
73.68,19.080000000000002,5
74.18,19.080000000000002,5
74.68,19.080000000000002,5
75.18,19.080000000000002,5
75.68,19.080000000000002,5
76.18,19.080000000000002,5
76.68,19.080000000000002,5
77.18,19.080000000000002,5
77.68,19.080000000000002,5
78.18,19.080000000000002,5
78.68,19.080000000000002,5
79.18,19.080000000000002,5
79.68,19.080000000000002,5
80.18,19.080000000000002,5
80.68,19.080000000000002,5
81.18,19.080000000000002,5
81.68,19.080000000000002,5
82.18,19.080000000000002,5
82.68,19.080000000000002,5
83.18,19.080000000000002,5
83.68,19.080000000000002,5
84.18,19.080000000000002,5
84.68,19.080000000000002,5
85.18,19.080000000000002,4
85.68,19.080000000000002,3
86.18,19.080000000000002,3
86.68,19.080000000000002,3
87.18,19.080000000000002,3
87.68,19.080000000000002,3
88.18,19.080000000000002,3
88.68,19.080000000000002,3
89.18,19.080000000000002,3
89.68,19.080000000000002,3
90.18,19.080000000000002,3
90.68,19.080000000000002,3
91.18,19.080000000000002,3
91.68,19.080000000000002,3
92.18,19.080000000000002,3
92.68,19.080000000000002,32767
60.18,18.580000000000002,1
60.68,18.580000000000002,1
61.18,18.580000000000002,1
61.68,18.580000000000002,1
62.18,18.580000000000002,1
62.68,18.580000000000002,1
63.18,18.580000000000002,1
63.68,18.580000000000002,1
64.18,18.580000000000002,1
64.68,18.580000000000002,1
65.18,18.580000000000002,1
65.68,18.580000000000002,1
66.18,18.580000000000002,1
66.68,18.580000000000002,1
67.18,18.580000000000002,1
67.68,18.580000000000002,1
68.18,18.580000000000002,1
68.68,18.580000000000002,1
69.18,18.580000000000002,1
69.68,18.580000000000002,2
70.18,18.580000000000002,3
70.68,18.580000000000002,4
71.18,18.580000000000002,4
71.68,18.580000000000002,4
72.18,18.580000000000002,4
72.68,18.580000000000002,5
73.18,18.580000000000002,5
73.68,18.580000000000002,5
74.18,18.580000000000002,5
74.68,18.580000000000002,5
75.18,18.580000000000002,5
75.68,18.580000000000002,5
76.18,18.580000000000002,5
76.68,18.580000000000002,5
77.18,18.580000000000002,5
77.68,18.580000000000002,5
78.18,18.580000000000002,5
78.68,18.580000000000002,5
79.18,18.580000000000002,5
79.68,18.580000000000002,5
80.18,18.580000000000002,5
80.68,18.580000000000002,5
81.18,18.580000000000002,5
81.68,18.580000000000002,5
82.18,18.580000000000002,5
82.68,18.580000000000002,5
83.18,18.580000000000002,5
83.68,18.580000000000002,5
84.18,18.580000000000002,5
84.68,18.580000000000002,4
85.18,18.580000000000002,3
85.68,18.580000000000002,3
86.18,18.580000000000002,2
86.68,18.580000000000002,2
87.18,18.580000000000002,2
87.68,18.580000000000002,2
88.18,18.580000000000002,2
88.68,18.580000000000002,2
89.18,18.580000000000002,3
89.68,18.580000000000002,3
90.18,18.580000000000002,3
90.68,18.580000000000002,3
91.18,18.580000000000002,3
91.68,18.580000000000002,2
92.18,18.580000000000002,2
92.68,18.580000000000002,32767
60.18,18.080000000000002,1
60.68,18.080000000000002,1
61.18,18.080000000000002,1
61.68,18.080000000000002,1
62.18,18.080000000000002,1
62.68,18.080000000000002,1
63.18,18.080000000000002,1
63.68,18.080000000000002,1
64.18,18.080000000000002,1
64.68,18.080000000000002,1
65.18,18.080000000000002,1
65.68,18.080000000000002,1
66.18,18.080000000000002,1
66.68,18.080000000000002,1
67.18,18.080000000000002,1
67.68,18.080000000000002,1
68.18,18.080000000000002,1
68.68,18.080000000000002,1
69.18,18.080000000000002,1
69.68,18.080000000000002,2
70.18,18.080000000000002,3
70.68,18.080000000000002,4
71.18,18.080000000000002,4
71.68,18.080000000000002,4
72.18,18.080000000000002,4
72.68,18.080000000000002,5
73.18,18.080000000000002,5
73.68,18.080000000000002,5
74.18,18.080000000000002,5
74.68,18.080000000000002,5
75.18,18.080000000000002,5
75.68,18.080000000000002,5
76.18,18.080000000000002,5
76.68,18.080000000000002,5
77.18,18.080000000000002,5
77.68,18.080000000000002,5
78.18,18.080000000000002,5
78.68,18.080000000000002,5
79.18,18.080000000000002,5
79.68,18.080000000000002,5
80.18,18.080000000000002,5
80.68,18.080000000000002,5
81.18,18.080000000000002,5
81.68,18.080000000000002,5
82.18,18.080000000000002,5
82.68,18.080000000000002,5
83.18,18.080000000000002,5
83.68,18.080000000000002,5
84.18,18.080000000000002,4
84.68,18.080000000000002,3
85.18,18.080000000000002,2
85.68,18.080000000000002,2
86.18,18.080000000000002,2
86.68,18.080000000000002,2
87.18,18.080000000000002,2
87.68,18.080000000000002,2
88.18,18.080000000000002,2
88.68,18.080000000000002,2
89.18,18.080000000000002,2
89.68,18.080000000000002,2
90.18,18.080000000000002,2
90.68,18.080000000000002,2
91.18,18.080000000000002,2
91.68,18.080000000000002,2
92.18,18.080000000000002,2
92.68,18.080000000000002,32767
60.18,17.580000000000002,1
60.68,17.580000000000002,1
61.18,17.580000000000002,1
61.68,17.580000000000002,1
62.18,17.580000000000002,1
62.68,17.580000000000002,1
63.18,17.580000000000002,1
63.68,17.580000000000002,1
64.18,17.580000000000002,1
64.68,17.580000000000002,1
65.18,17.580000000000002,1
65.68,17.580000000000002,1
66.18,17.580000000000002,1
66.68,17.580000000000002,1
67.18,17.580000000000002,1
67.68,17.580000000000002,1
68.18,17.580000000000002,1
68.68,17.580000000000002,1
69.18,17.580000000000002,1
69.68,17.580000000000002,1
70.18,17.580000000000002,2
70.68,17.580000000000002,3
71.18,17.580000000000002,4
71.68,17.580000000000002,4
72.18,17.580000000000002,4
72.68,17.580000000000002,4
73.18,17.580000000000002,5
73.68,17.580000000000002,5
74.18,17.580000000000002,5
74.68,17.580000000000002,5
75.18,17.580000000000002,5
75.68,17.580000000000002,5
76.18,17.580000000000002,5
76.68,17.580000000000002,5
77.18,17.580000000000002,5
77.68,17.580000000000002,5
78.18,17.580000000000002,5
78.68,17.580000000000002,5
79.18,17.580000000000002,5
79.68,17.580000000000002,5
80.18,17.580000000000002,5
80.68,17.580000000000002,5
81.18,17.580000000000002,5
81.68,17.580000000000002,5
82.18,17.580000000000002,5
82.68,17.580000000000002,5
83.18,17.580000000000002,5
83.68,17.580000000000002,4
84.18,17.580000000000002,3
84.68,17.580000000000002,2
85.18,17.580000000000002,2
85.68,17.580000000000002,2
86.18,17.580000000000002,2
86.68,17.580000000000002,2
87.18,17.580000000000002,2
87.68,17.580000000000002,2
88.18,17.580000000000002,2
88.68,17.580000000000002,2
89.18,17.580000000000002,2
89.68,17.580000000000002,2
90.18,17.580000000000002,2
90.68,17.580000000000002,2
91.18,17.580000000000002,2
91.68,17.580000000000002,2
92.18,17.580000000000002,2
92.68,17.580000000000002,32767
60.18,17.080000000000002,1
60.68,17.080000000000002,1
61.18,17.080000000000002,1
61.68,17.080000000000002,1
62.18,17.080000000000002,1
62.68,17.080000000000002,1
63.18,17.080000000000002,1
63.68,17.080000000000002,1
64.18,17.080000000000002,1
64.68,17.080000000000002,1
65.18,17.080000000000002,1
65.68,17.080000000000002,1
66.18,17.080000000000002,1
66.68,17.080000000000002,1
67.18,17.080000000000002,1
67.68,17.080000000000002,1
68.18,17.080000000000002,1
68.68,17.080000000000002,1
69.18,17.080000000000002,1
69.68,17.080000000000002,1
70.18,17.080000000000002,1
70.68,17.080000000000002,2
71.18,17.080000000000002,3
71.68,17.080000000000002,4
72.18,17.080000000000002,4
72.68,17.080000000000002,4
73.18,17.080000000000002,5
73.68,17.080000000000002,5
74.18,17.080000000000002,5
74.68,17.080000000000002,5
75.18,17.080000000000002,5
75.68,17.080000000000002,5
76.18,17.080000000000002,5
76.68,17.080000000000002,5
77.18,17.080000000000002,5
77.68,17.080000000000002,5
78.18,17.080000000000002,5
78.68,17.080000000000002,5
79.18,17.080000000000002,5
79.68,17.080000000000002,5
80.18,17.080000000000002,5
80.68,17.080000000000002,5
81.18,17.080000000000002,5
81.68,17.080000000000002,5
82.18,17.080000000000002,5
82.68,17.080000000000002,4
83.18,17.080000000000002,3
83.68,17.080000000000002,2
84.18,17.080000000000002,2
84.68,17.080000000000002,2
85.18,17.080000000000002,2
85.68,17.080000000000002,2
86.18,17.080000000000002,2
86.68,17.080000000000002,2
87.18,17.080000000000002,2
87.68,17.080000000000002,2
88.18,17.080000000000002,2
88.68,17.080000000000002,2
89.18,17.080000000000002,2
89.68,17.080000000000002,2
90.18,17.080000000000002,2
90.68,17.080000000000002,2
91.18,17.080000000000002,2
91.68,17.080000000000002,2
92.18,17.080000000000002,2
92.68,17.080000000000002,32767
60.18,16.580000000000002,1
60.68,16.580000000000002,1
61.18,16.580000000000002,1
61.68,16.580000000000002,1
62.18,16.580000000000002,1
62.68,16.580000000000002,1
63.18,16.580000000000002,1
63.68,16.580000000000002,1
64.18,16.580000000000002,1
64.68,16.580000000000002,1
65.18,16.580000000000002,1
65.68,16.580000000000002,1
66.18,16.580000000000002,1
66.68,16.580000000000002,1
67.18,16.580000000000002,1
67.68,16.580000000000002,1
68.18,16.580000000000002,1
68.68,16.580000000000002,1
69.18,16.580000000000002,1
69.68,16.580000000000002,1
70.18,16.580000000000002,1
70.68,16.580000000000002,2
71.18,16.580000000000002,2
71.68,16.580000000000002,3
72.18,16.580000000000002,4
72.68,16.580000000000002,4
73.18,16.580000000000002,5
73.68,16.580000000000002,5
74.18,16.580000000000002,5
74.68,16.580000000000002,5
75.18,16.580000000000002,5
75.68,16.580000000000002,5
76.18,16.580000000000002,5
76.68,16.580000000000002,5
77.18,16.580000000000002,5
77.68,16.580000000000002,5
78.18,16.580000000000002,5
78.68,16.580000000000002,5
79.18,16.580000000000002,5
79.68,16.580000000000002,5
80.18,16.580000000000002,5
80.68,16.580000000000002,5
81.18,16.580000000000002,5
81.68,16.580000000000002,5
82.18,16.580000000000002,4
82.68,16.580000000000002,3
83.18,16.580000000000002,2
83.68,16.580000000000002,2
84.18,16.580000000000002,2
84.68,16.580000000000002,2
85.18,16.580000000000002,2
85.68,16.580000000000002,2
86.18,16.580000000000002,2
86.68,16.580000000000002,2
87.18,16.580000000000002,2
87.68,16.580000000000002,2
88.18,16.580000000000002,2
88.68,16.580000000000002,2
89.18,16.580000000000002,2
89.68,16.580000000000002,2
90.18,16.580000000000002,2
90.68,16.580000000000002,2
91.18,16.580000000000002,2
91.68,16.580000000000002,2
92.18,16.580000000000002,2
92.68,16.580000000000002,32767
60.18,16.080000000000002,1
60.68,16.080000000000002,1
61.18,16.080000000000002,1
61.68,16.080000000000002,1
62.18,16.080000000000002,1
62.68,16.080000000000002,1
63.18,16.080000000000002,1
63.68,16.080000000000002,1
64.18,16.080000000000002,1
64.68,16.080000000000002,1
65.18,16.080000000000002,1
65.68,16.080000000000002,1
66.18,16.080000000000002,1
66.68,16.080000000000002,1
67.18,16.080000000000002,1
67.68,16.080000000000002,1
68.18,16.080000000000002,1
68.68,16.080000000000002,1
69.18,16.080000000000002,1
69.68,16.080000000000002,1
70.18,16.080000000000002,1
70.68,16.080000000000002,2
71.18,16.080000000000002,2
71.68,16.080000000000002,3
72.18,16.080000000000002,3
72.68,16.080000000000002,4
73.18,16.080000000000002,4
73.68,16.080000000000002,5
74.18,16.080000000000002,5
74.68,16.080000000000002,5
75.18,16.080000000000002,5
75.68,16.080000000000002,5
76.18,16.080000000000002,5
76.68,16.080000000000002,5
77.18,16.080000000000002,5
77.68,16.080000000000002,5
78.18,16.080000000000002,5
78.68,16.080000000000002,5
79.18,16.080000000000002,5
79.68,16.080000000000002,5
80.18,16.080000000000002,5
80.68,16.080000000000002,5
81.18,16.080000000000002,4
81.68,16.080000000000002,4
82.18,16.080000000000002,3
82.68,16.080000000000002,2
83.18,16.080000000000002,2
83.68,16.080000000000002,1
84.18,16.080000000000002,2
84.68,16.080000000000002,2
85.18,16.080000000000002,2
85.68,16.080000000000002,2
86.18,16.080000000000002,2
86.68,16.080000000000002,2
87.18,16.080000000000002,2
87.68,16.080000000000002,2
88.18,16.080000000000002,2
88.68,16.080000000000002,2
89.18,16.080000000000002,2
89.68,16.080000000000002,2
90.18,16.080000000000002,2
90.68,16.080000000000002,2
91.18,16.080000000000002,2
91.68,16.080000000000002,2
92.18,16.080000000000002,2
92.68,16.080000000000002,32767
60.18,15.580000000000002,1
60.68,15.580000000000002,1
61.18,15.580000000000002,1
61.68,15.580000000000002,1
62.18,15.580000000000002,1
62.68,15.580000000000002,1
63.18,15.580000000000002,1
63.68,15.580000000000002,1
64.18,15.580000000000002,1
64.68,15.580000000000002,1
65.18,15.580000000000002,1
65.68,15.580000000000002,1
66.18,15.580000000000002,1
66.68,15.580000000000002,1
67.18,15.580000000000002,1
67.68,15.580000000000002,1
68.18,15.580000000000002,1
68.68,15.580000000000002,1
69.18,15.580000000000002,1
69.68,15.580000000000002,1
70.18,15.580000000000002,1
70.68,15.580000000000002,2
71.18,15.580000000000002,2
71.68,15.580000000000002,2
72.18,15.580000000000002,3
72.68,15.580000000000002,4
73.18,15.580000000000002,4
73.68,15.580000000000002,5
74.18,15.580000000000002,5
74.68,15.580000000000002,5
75.18,15.580000000000002,5
75.68,15.580000000000002,5
76.18,15.580000000000002,5
76.68,15.580000000000002,5
77.18,15.580000000000002,5
77.68,15.580000000000002,5
78.18,15.580000000000002,5
78.68,15.580000000000002,5
79.18,15.580000000000002,5
79.68,15.580000000000002,5
80.18,15.580000000000002,4
80.68,15.580000000000002,4
81.18,15.580000000000002,3
81.68,15.580000000000002,3
82.18,15.580000000000002,2
82.68,15.580000000000002,2
83.18,15.580000000000002,2
83.68,15.580000000000002,1
84.18,15.580000000000002,1
84.68,15.580000000000002,2
85.18,15.580000000000002,2
85.68,15.580000000000002,2
86.18,15.580000000000002,2
86.68,15.580000000000002,2
87.18,15.580000000000002,2
87.68,15.580000000000002,2
88.18,15.580000000000002,2
88.68,15.580000000000002,2
89.18,15.580000000000002,2
89.68,15.580000000000002,2
90.18,15.580000000000002,2
90.68,15.580000000000002,2
91.18,15.580000000000002,2
91.68,15.580000000000002,2
92.18,15.580000000000002,2
92.68,15.580000000000002,32767
60.18,15.080000000000002,1
60.68,15.080000000000002,1
61.18,15.080000000000002,1
61.68,15.080000000000002,1
62.18,15.080000000000002,1
62.68,15.080000000000002,1
63.18,15.080000000000002,1
63.68,15.080000000000002,1
64.18,15.080000000000002,1
64.68,15.080000000000002,1
65.18,15.080000000000002,1
65.68,15.080000000000002,1
66.18,15.080000000000002,1
66.68,15.080000000000002,1
67.18,15.080000000000002,1
67.68,15.080000000000002,1
68.18,15.080000000000002,1
68.68,15.080000000000002,1
69.18,15.080000000000002,1
69.68,15.080000000000002,1
70.18,15.080000000000002,1
70.68,15.080000000000002,2
71.18,15.080000000000002,2
71.68,15.080000000000002,2
72.18,15.080000000000002,3
72.68,15.080000000000002,4
73.18,15.080000000000002,4
73.68,15.080000000000002,4
74.18,15.080000000000002,5
74.68,15.080000000000002,5
75.18,15.080000000000002,5
75.68,15.080000000000002,5
76.18,15.080000000000002,5
76.68,15.080000000000002,5
77.18,15.080000000000002,5
77.68,15.080000000000002,5
78.18,15.080000000000002,5
78.68,15.080000000000002,5
79.18,15.080000000000002,5
79.68,15.080000000000002,5
80.18,15.080000000000002,4
80.68,15.080000000000002,3
81.18,15.080000000000002,2
81.68,15.080000000000002,2
82.18,15.080000000000002,2
82.68,15.080000000000002,1
83.18,15.080000000000002,1
83.68,15.080000000000002,1
84.18,15.080000000000002,1
84.68,15.080000000000002,1
85.18,15.080000000000002,2
85.68,15.080000000000002,2
86.18,15.080000000000002,2
86.68,15.080000000000002,2
87.18,15.080000000000002,2
87.68,15.080000000000002,2
88.18,15.080000000000002,2
88.68,15.080000000000002,2
89.18,15.080000000000002,2
89.68,15.080000000000002,2
90.18,15.080000000000002,2
90.68,15.080000000000002,2
91.18,15.080000000000002,2
91.68,15.080000000000002,2
92.18,15.080000000000002,2
92.68,15.080000000000002,32767
60.18,14.580000000000002,1
60.68,14.580000000000002,1
61.18,14.580000000000002,1
61.68,14.580000000000002,1
62.18,14.580000000000002,1
62.68,14.580000000000002,1
63.18,14.580000000000002,1
63.68,14.580000000000002,1
64.18,14.580000000000002,1
64.68,14.580000000000002,1
65.18,14.580000000000002,1
65.68,14.580000000000002,1
66.18,14.580000000000002,1
66.68,14.580000000000002,1
67.18,14.580000000000002,1
67.68,14.580000000000002,1
68.18,14.580000000000002,1
68.68,14.580000000000002,1
69.18,14.580000000000002,1
69.68,14.580000000000002,1
70.18,14.580000000000002,1
70.68,14.580000000000002,2
71.18,14.580000000000002,2
71.68,14.580000000000002,2
72.18,14.580000000000002,3
72.68,14.580000000000002,3
73.18,14.580000000000002,4
73.68,14.580000000000002,4
74.18,14.580000000000002,5
74.68,14.580000000000002,5
75.18,14.580000000000002,5
75.68,14.580000000000002,5
76.18,14.580000000000002,5
76.68,14.580000000000002,5
77.18,14.580000000000002,5
77.68,14.580000000000002,5
78.18,14.580000000000002,5
78.68,14.580000000000002,5
79.18,14.580000000000002,5
79.68,14.580000000000002,5
80.18,14.580000000000002,4
80.68,14.580000000000002,3
81.18,14.580000000000002,2
81.68,14.580000000000002,1
82.18,14.580000000000002,1
82.68,14.580000000000002,1
83.18,14.580000000000002,1
83.68,14.580000000000002,1
84.18,14.580000000000002,1
84.68,14.580000000000002,1
85.18,14.580000000000002,1
85.68,14.580000000000002,2
86.18,14.580000000000002,2
86.68,14.580000000000002,2
87.18,14.580000000000002,2
87.68,14.580000000000002,2
88.18,14.580000000000002,2
88.68,14.580000000000002,2
89.18,14.580000000000002,2
89.68,14.580000000000002,2
90.18,14.580000000000002,2
90.68,14.580000000000002,2
91.18,14.580000000000002,2
91.68,14.580000000000002,2
92.18,14.580000000000002,2
92.68,14.580000000000002,32767
60.18,14.080000000000002,1
60.68,14.080000000000002,1
61.18,14.080000000000002,1
61.68,14.080000000000002,1
62.18,14.080000000000002,1
62.68,14.080000000000002,1
63.18,14.080000000000002,1
63.68,14.080000000000002,1
64.18,14.080000000000002,1
64.68,14.080000000000002,1
65.18,14.080000000000002,1
65.68,14.080000000000002,1
66.18,14.080000000000002,1
66.68,14.080000000000002,1
67.18,14.080000000000002,1
67.68,14.080000000000002,1
68.18,14.080000000000002,1
68.68,14.080000000000002,1
69.18,14.080000000000002,1
69.68,14.080000000000002,1
70.18,14.080000000000002,1
70.68,14.080000000000002,2
71.18,14.080000000000002,3
71.68,14.080000000000002,3
72.18,14.080000000000002,3
72.68,14.080000000000002,3
73.18,14.080000000000002,4
73.68,14.080000000000002,4
74.18,14.080000000000002,4
74.68,14.080000000000002,5
75.18,14.080000000000002,5
75.68,14.080000000000002,5
76.18,14.080000000000002,5
76.68,14.080000000000002,5
77.18,14.080000000000002,5
77.68,14.080000000000002,5
78.18,14.080000000000002,5
78.68,14.080000000000002,5
79.18,14.080000000000002,5
79.68,14.080000000000002,5
80.18,14.080000000000002,4
80.68,14.080000000000002,3
81.18,14.080000000000002,1
81.68,14.080000000000002,1
82.18,14.080000000000002,1
82.68,14.080000000000002,1
83.18,14.080000000000002,1
83.68,14.080000000000002,1
84.18,14.080000000000002,1
84.68,14.080000000000002,1
85.18,14.080000000000002,1
85.68,14.080000000000002,1
86.18,14.080000000000002,1
86.68,14.080000000000002,2
87.18,14.080000000000002,2
87.68,14.080000000000002,2
88.18,14.080000000000002,2
88.68,14.080000000000002,2
89.18,14.080000000000002,2
89.68,14.080000000000002,2
90.18,14.080000000000002,2
90.68,14.080000000000002,2
91.18,14.080000000000002,2
91.68,14.080000000000002,2
92.18,14.080000000000002,2
92.68,14.080000000000002,32767
60.18,13.580000000000002,1
60.68,13.580000000000002,1
61.18,13.580000000000002,1
61.68,13.580000000000002,1
62.18,13.580000000000002,1
62.68,13.580000000000002,1
63.18,13.580000000000002,1
63.68,13.580000000000002,1
64.18,13.580000000000002,1
64.68,13.580000000000002,1
65.18,13.580000000000002,1
65.68,13.580000000000002,1
66.18,13.580000000000002,1
66.68,13.580000000000002,1
67.18,13.580000000000002,1
67.68,13.580000000000002,1
68.18,13.580000000000002,1
68.68,13.580000000000002,1
69.18,13.580000000000002,1
69.68,13.580000000000002,1
70.18,13.580000000000002,1
70.68,13.580000000000002,2
71.18,13.580000000000002,3
71.68,13.580000000000002,3
72.18,13.580000000000002,3
72.68,13.580000000000002,3
73.18,13.580000000000002,4
73.68,13.580000000000002,4
74.18,13.580000000000002,4
74.68,13.580000000000002,5
75.18,13.580000000000002,5
75.68,13.580000000000002,5
76.18,13.580000000000002,5
76.68,13.580000000000002,5
77.18,13.580000000000002,5
77.68,13.580000000000002,5
78.18,13.580000000000002,5
78.68,13.580000000000002,5
79.18,13.580000000000002,5
79.68,13.580000000000002,5
80.18,13.580000000000002,4
80.68,13.580000000000002,3
81.18,13.580000000000002,1
81.68,13.580000000000002,1
82.18,13.580000000000002,1
82.68,13.580000000000002,1
83.18,13.580000000000002,1
83.68,13.580000000000002,1
84.18,13.580000000000002,1
84.68,13.580000000000002,1
85.18,13.580000000000002,1
85.68,13.580000000000002,1
86.18,13.580000000000002,1
86.68,13.580000000000002,1
87.18,13.580000000000002,1
87.68,13.580000000000002,1
88.18,13.580000000000002,1
88.68,13.580000000000002,2
89.18,13.580000000000002,2
89.68,13.580000000000002,2
90.18,13.580000000000002,2
90.68,13.580000000000002,2
91.18,13.580000000000002,2
91.68,13.580000000000002,2
92.18,13.580000000000002,3
92.68,13.580000000000002,32767
60.18,13.080000000000002,1
60.68,13.080000000000002,1
61.18,13.080000000000002,1
61.68,13.080000000000002,1
62.18,13.080000000000002,1
62.68,13.080000000000002,1
63.18,13.080000000000002,1
63.68,13.080000000000002,1
64.18,13.080000000000002,1
64.68,13.080000000000002,1
65.18,13.080000000000002,1
65.68,13.080000000000002,1
66.18,13.080000000000002,1
66.68,13.080000000000002,1
67.18,13.080000000000002,1
67.68,13.080000000000002,1
68.18,13.080000000000002,1
68.68,13.080000000000002,1
69.18,13.080000000000002,1
69.68,13.080000000000002,1
70.18,13.080000000000002,1
70.68,13.080000000000002,2
71.18,13.080000000000002,3
71.68,13.080000000000002,3
72.18,13.080000000000002,4
72.68,13.080000000000002,3
73.18,13.080000000000002,3
73.68,13.080000000000002,4
74.18,13.080000000000002,4
74.68,13.080000000000002,5
75.18,13.080000000000002,5
75.68,13.080000000000002,5
76.18,13.080000000000002,5
76.68,13.080000000000002,5
77.18,13.080000000000002,5
77.68,13.080000000000002,5
78.18,13.080000000000002,5
78.68,13.080000000000002,5
79.18,13.080000000000002,5
79.68,13.080000000000002,5
80.18,13.080000000000002,4
80.68,13.080000000000002,3
81.18,13.080000000000002,1
81.68,13.080000000000002,1
82.18,13.080000000000002,1
82.68,13.080000000000002,1
83.18,13.080000000000002,1
83.68,13.080000000000002,1
84.18,13.080000000000002,1
84.68,13.080000000000002,1
85.18,13.080000000000002,1
85.68,13.080000000000002,1
86.18,13.080000000000002,1
86.68,13.080000000000002,1
87.18,13.080000000000002,1
87.68,13.080000000000002,1
88.18,13.080000000000002,1
88.68,13.080000000000002,1
89.18,13.080000000000002,1
89.68,13.080000000000002,2
90.18,13.080000000000002,2
90.68,13.080000000000002,2
91.18,13.080000000000002,2
91.68,13.080000000000002,2
92.18,13.080000000000002,3
92.68,13.080000000000002,32767
60.18,12.580000000000002,1
60.68,12.580000000000002,1
61.18,12.580000000000002,1
61.68,12.580000000000002,1
62.18,12.580000000000002,1
62.68,12.580000000000002,1
63.18,12.580000000000002,1
63.68,12.580000000000002,1
64.18,12.580000000000002,1
64.68,12.580000000000002,1
65.18,12.580000000000002,1
65.68,12.580000000000002,1
66.18,12.580000000000002,1
66.68,12.580000000000002,1
67.18,12.580000000000002,1
67.68,12.580000000000002,1
68.18,12.580000000000002,1
68.68,12.580000000000002,1
69.18,12.580000000000002,1
69.68,12.580000000000002,1
70.18,12.580000000000002,1
70.68,12.580000000000002,2
71.18,12.580000000000002,3
71.68,12.580000000000002,3
72.18,12.580000000000002,3
72.68,12.580000000000002,3
73.18,12.580000000000002,3
73.68,12.580000000000002,3
74.18,12.580000000000002,4
74.68,12.580000000000002,4
75.18,12.580000000000002,5
75.68,12.580000000000002,5
76.18,12.580000000000002,5
76.68,12.580000000000002,5
77.18,12.580000000000002,5
77.68,12.580000000000002,5
78.18,12.580000000000002,5
78.68,12.580000000000002,5
79.18,12.580000000000002,5
79.68,12.580000000000002,5
80.18,12.580000000000002,4
80.68,12.580000000000002,3
81.18,12.580000000000002,1
81.68,12.580000000000002,1
82.18,12.580000000000002,1
82.68,12.580000000000002,1
83.18,12.580000000000002,1
83.68,12.580000000000002,1
84.18,12.580000000000002,1
84.68,12.580000000000002,1
85.18,12.580000000000002,1
85.68,12.580000000000002,1
86.18,12.580000000000002,1
86.68,12.580000000000002,1
87.18,12.580000000000002,1
87.68,12.580000000000002,1
88.18,12.580000000000002,1
88.68,12.580000000000002,1
89.18,12.580000000000002,1
89.68,12.580000000000002,1
90.18,12.580000000000002,2
90.68,12.580000000000002,1
91.18,12.580000000000002,1
91.68,12.580000000000002,2
92.18,12.580000000000002,3
92.68,12.580000000000002,32767
60.18,12.080000000000002,1
60.68,12.080000000000002,1
61.18,12.080000000000002,1
61.68,12.080000000000002,1
62.18,12.080000000000002,1
62.68,12.080000000000002,1
63.18,12.080000000000002,1
63.68,12.080000000000002,1
64.18,12.080000000000002,1
64.68,12.080000000000002,1
65.18,12.080000000000002,1
65.68,12.080000000000002,1
66.18,12.080000000000002,1
66.68,12.080000000000002,1
67.18,12.080000000000002,1
67.68,12.080000000000002,1
68.18,12.080000000000002,1
68.68,12.080000000000002,1
69.18,12.080000000000002,1
69.68,12.080000000000002,1
70.18,12.080000000000002,1
70.68,12.080000000000002,2
71.18,12.080000000000002,3
71.68,12.080000000000002,3
72.18,12.080000000000002,3
72.68,12.080000000000002,3
73.18,12.080000000000002,2
73.68,12.080000000000002,3
74.18,12.080000000000002,4
74.68,12.080000000000002,4
75.18,12.080000000000002,5
75.68,12.080000000000002,5
76.18,12.080000000000002,5
76.68,12.080000000000002,5
77.18,12.080000000000002,5
77.68,12.080000000000002,5
78.18,12.080000000000002,5
78.68,12.080000000000002,5
79.18,12.080000000000002,5
79.68,12.080000000000002,5
80.18,12.080000000000002,4
80.68,12.080000000000002,2
81.18,12.080000000000002,1
81.68,12.080000000000002,1
82.18,12.080000000000002,1
82.68,12.080000000000002,1
83.18,12.080000000000002,1
83.68,12.080000000000002,1
84.18,12.080000000000002,1
84.68,12.080000000000002,1
85.18,12.080000000000002,1
85.68,12.080000000000002,1
86.18,12.080000000000002,1
86.68,12.080000000000002,1
87.18,12.080000000000002,1
87.68,12.080000000000002,1
88.18,12.080000000000002,1
88.68,12.080000000000002,1
89.18,12.080000000000002,1
89.68,12.080000000000002,1
90.18,12.080000000000002,1
90.68,12.080000000000002,1
91.18,12.080000000000002,1
91.68,12.080000000000002,2
92.18,12.080000000000002,3
92.68,12.080000000000002,32767
60.18,11.580000000000002,1
60.68,11.580000000000002,1
61.18,11.580000000000002,1
61.68,11.580000000000002,1
62.18,11.580000000000002,1
62.68,11.580000000000002,1
63.18,11.580000000000002,1
63.68,11.580000000000002,1
64.18,11.580000000000002,1
64.68,11.580000000000002,1
65.18,11.580000000000002,1
65.68,11.580000000000002,1
66.18,11.580000000000002,1
66.68,11.580000000000002,1
67.18,11.580000000000002,1
67.68,11.580000000000002,1
68.18,11.580000000000002,1
68.68,11.580000000000002,1
69.18,11.580000000000002,1
69.68,11.580000000000002,1
70.18,11.580000000000002,1
70.68,11.580000000000002,1
71.18,11.580000000000002,2
71.68,11.580000000000002,3
72.18,11.580000000000002,3
72.68,11.580000000000002,3
73.18,11.580000000000002,3
73.68,11.580000000000002,3
74.18,11.580000000000002,3
74.68,11.580000000000002,4
75.18,11.580000000000002,4
75.68,11.580000000000002,5
76.18,11.580000000000002,5
76.68,11.580000000000002,5
77.18,11.580000000000002,5
77.68,11.580000000000002,5
78.18,11.580000000000002,5
78.68,11.580000000000002,5
79.18,11.580000000000002,5
79.68,11.580000000000002,4
80.18,11.580000000000002,3
80.68,11.580000000000002,2
81.18,11.580000000000002,1
81.68,11.580000000000002,1
82.18,11.580000000000002,1
82.68,11.580000000000002,1
83.18,11.580000000000002,1
83.68,11.580000000000002,1
84.18,11.580000000000002,1
84.68,11.580000000000002,1
85.18,11.580000000000002,1
85.68,11.580000000000002,1
86.18,11.580000000000002,1
86.68,11.580000000000002,1
87.18,11.580000000000002,1
87.68,11.580000000000002,1
88.18,11.580000000000002,1
88.68,11.580000000000002,1
89.18,11.580000000000002,1
89.68,11.580000000000002,1
90.18,11.580000000000002,1
90.68,11.580000000000002,1
91.18,11.580000000000002,1
91.68,11.580000000000002,2
92.18,11.580000000000002,4
92.68,11.580000000000002,32767
60.18,11.080000000000002,1
60.68,11.080000000000002,1
61.18,11.080000000000002,1
61.68,11.080000000000002,1
62.18,11.080000000000002,1
62.68,11.080000000000002,1
63.18,11.080000000000002,1
63.68,11.080000000000002,1
64.18,11.080000000000002,1
64.68,11.080000000000002,1
65.18,11.080000000000002,1
65.68,11.080000000000002,1
66.18,11.080000000000002,1
66.68,11.080000000000002,1
67.18,11.080000000000002,1
67.68,11.080000000000002,1
68.18,11.080000000000002,1
68.68,11.080000000000002,1
69.18,11.080000000000002,1
69.68,11.080000000000002,1
70.18,11.080000000000002,1
70.68,11.080000000000002,1
71.18,11.080000000000002,2
71.68,11.080000000000002,3
72.18,11.080000000000002,3
72.68,11.080000000000002,3
73.18,11.080000000000002,3
73.68,11.080000000000002,3
74.18,11.080000000000002,3
74.68,11.080000000000002,3
75.18,11.080000000000002,4
75.68,11.080000000000002,5
76.18,11.080000000000002,5
76.68,11.080000000000002,5
77.18,11.080000000000002,5
77.68,11.080000000000002,5
78.18,11.080000000000002,5
78.68,11.080000000000002,5
79.18,11.080000000000002,5
79.68,11.080000000000002,4
80.18,11.080000000000002,4
80.68,11.080000000000002,2
81.18,11.080000000000002,1
81.68,11.080000000000002,1
82.18,11.080000000000002,1
82.68,11.080000000000002,1
83.18,11.080000000000002,1
83.68,11.080000000000002,1
84.18,11.080000000000002,1
84.68,11.080000000000002,1
85.18,11.080000000000002,1
85.68,11.080000000000002,1
86.18,11.080000000000002,1
86.68,11.080000000000002,1
87.18,11.080000000000002,1
87.68,11.080000000000002,1
88.18,11.080000000000002,1
88.68,11.080000000000002,1
89.18,11.080000000000002,1
89.68,11.080000000000002,1
90.18,11.080000000000002,1
90.68,11.080000000000002,1
91.18,11.080000000000002,1
91.68,11.080000000000002,2
92.18,11.080000000000002,4
92.68,11.080000000000002,32767
60.18,10.580000000000002,1
60.68,10.580000000000002,1
61.18,10.580000000000002,1
61.68,10.580000000000002,1
62.18,10.580000000000002,1
62.68,10.580000000000002,1
63.18,10.580000000000002,1
63.68,10.580000000000002,1
64.18,10.580000000000002,1
64.68,10.580000000000002,1
65.18,10.580000000000002,1
65.68,10.580000000000002,1
66.18,10.580000000000002,1
66.68,10.580000000000002,1
67.18,10.580000000000002,1
67.68,10.580000000000002,1
68.18,10.580000000000002,1
68.68,10.580000000000002,1
69.18,10.580000000000002,1
69.68,10.580000000000002,1
70.18,10.580000000000002,1
70.68,10.580000000000002,1
71.18,10.580000000000002,2
71.68,10.580000000000002,2
72.18,10.580000000000002,3
72.68,10.580000000000002,3
73.18,10.580000000000002,3
73.68,10.580000000000002,3
74.18,10.580000000000002,2
74.68,10.580000000000002,3
75.18,10.580000000000002,4
75.68,10.580000000000002,4
76.18,10.580000000000002,5
76.68,10.580000000000002,5
77.18,10.580000000000002,5
77.68,10.580000000000002,5
78.18,10.580000000000002,5
78.68,10.580000000000002,5
79.18,10.580000000000002,5
79.68,10.580000000000002,4
80.18,10.580000000000002,4
80.68,10.580000000000002,3
81.18,10.580000000000002,1
81.68,10.580000000000002,1
82.18,10.580000000000002,1
82.68,10.580000000000002,1
83.18,10.580000000000002,1
83.68,10.580000000000002,1
84.18,10.580000000000002,1
84.68,10.580000000000002,1
85.18,10.580000000000002,1
85.68,10.580000000000002,1
86.18,10.580000000000002,1
86.68,10.580000000000002,1
87.18,10.580000000000002,1
87.68,10.580000000000002,1
88.18,10.580000000000002,1
88.68,10.580000000000002,1
89.18,10.580000000000002,1
89.68,10.580000000000002,1
90.18,10.580000000000002,1
90.68,10.580000000000002,1
91.18,10.580000000000002,1
91.68,10.580000000000002,2
92.18,10.580000000000002,4
92.68,10.580000000000002,32767
60.18,10.080000000000002,1
60.68,10.080000000000002,1
61.18,10.080000000000002,1
61.68,10.080000000000002,1
62.18,10.080000000000002,1
62.68,10.080000000000002,1
63.18,10.080000000000002,1
63.68,10.080000000000002,1
64.18,10.080000000000002,1
64.68,10.080000000000002,1
65.18,10.080000000000002,1
65.68,10.080000000000002,1
66.18,10.080000000000002,1
66.68,10.080000000000002,1
67.18,10.080000000000002,1
67.68,10.080000000000002,1
68.18,10.080000000000002,1
68.68,10.080000000000002,1
69.18,10.080000000000002,1
69.68,10.080000000000002,1
70.18,10.080000000000002,1
70.68,10.080000000000002,1
71.18,10.080000000000002,1
71.68,10.080000000000002,2
72.18,10.080000000000002,3
72.68,10.080000000000002,3
73.18,10.080000000000002,3
73.68,10.080000000000002,2
74.18,10.080000000000002,2
74.68,10.080000000000002,2
75.18,10.080000000000002,3
75.68,10.080000000000002,4
76.18,10.080000000000002,5
76.68,10.080000000000002,5
77.18,10.080000000000002,5
77.68,10.080000000000002,5
78.18,10.080000000000002,5
78.68,10.080000000000002,5
79.18,10.080000000000002,5
79.68,10.080000000000002,4
80.18,10.080000000000002,4
80.68,10.080000000000002,3
81.18,10.080000000000002,2
81.68,10.080000000000002,1
82.18,10.080000000000002,1
82.68,10.080000000000002,1
83.18,10.080000000000002,1
83.68,10.080000000000002,1
84.18,10.080000000000002,1
84.68,10.080000000000002,1
85.18,10.080000000000002,1
85.68,10.080000000000002,1
86.18,10.080000000000002,1
86.68,10.080000000000002,1
87.18,10.080000000000002,1
87.68,10.080000000000002,1
88.18,10.080000000000002,1
88.68,10.080000000000002,1
89.18,10.080000000000002,1
89.68,10.080000000000002,1
90.18,10.080000000000002,1
90.68,10.080000000000002,1
91.18,10.080000000000002,1
91.68,10.080000000000002,2
92.18,10.080000000000002,4
92.68,10.080000000000002,32767
60.18,9.580000000000002,1
60.68,9.580000000000002,1
61.18,9.580000000000002,1
61.68,9.580000000000002,1
62.18,9.580000000000002,1
62.68,9.580000000000002,1
63.18,9.580000000000002,1
63.68,9.580000000000002,1
64.18,9.580000000000002,1
64.68,9.580000000000002,1
65.18,9.580000000000002,1
65.68,9.580000000000002,1
66.18,9.580000000000002,1
66.68,9.580000000000002,1
67.18,9.580000000000002,1
67.68,9.580000000000002,1
68.18,9.580000000000002,1
68.68,9.580000000000002,1
69.18,9.580000000000002,1
69.68,9.580000000000002,1
70.18,9.580000000000002,1
70.68,9.580000000000002,1
71.18,9.580000000000002,1
71.68,9.580000000000002,2
72.18,9.580000000000002,2
72.68,9.580000000000002,3
73.18,9.580000000000002,3
73.68,9.580000000000002,2
74.18,9.580000000000002,2
74.68,9.580000000000002,2
75.18,9.580000000000002,3
75.68,9.580000000000002,4
76.18,9.580000000000002,4
76.68,9.580000000000002,5
77.18,9.580000000000002,5
77.68,9.580000000000002,5
78.18,9.580000000000002,5
78.68,9.580000000000002,5
79.18,9.580000000000002,4
79.68,9.580000000000002,4
80.18,9.580000000000002,4
80.68,9.580000000000002,4
81.18,9.580000000000002,2
81.68,9.580000000000002,1
82.18,9.580000000000002,1
82.68,9.580000000000002,1
83.18,9.580000000000002,1
83.68,9.580000000000002,1
84.18,9.580000000000002,1
84.68,9.580000000000002,1
85.18,9.580000000000002,1
85.68,9.580000000000002,1
86.18,9.580000000000002,1
86.68,9.580000000000002,1
87.18,9.580000000000002,1
87.68,9.580000000000002,1
88.18,9.580000000000002,1
88.68,9.580000000000002,1
89.18,9.580000000000002,1
89.68,9.580000000000002,1
90.18,9.580000000000002,1
90.68,9.580000000000002,1
91.18,9.580000000000002,1
91.68,9.580000000000002,2
92.18,9.580000000000002,4
92.68,9.580000000000002,32767
60.18,9.080000000000002,1
60.68,9.080000000000002,1
61.18,9.080000000000002,1
61.68,9.080000000000002,1
62.18,9.080000000000002,1
62.68,9.080000000000002,1
63.18,9.080000000000002,1
63.68,9.080000000000002,1
64.18,9.080000000000002,1
64.68,9.080000000000002,1
65.18,9.080000000000002,1
65.68,9.080000000000002,1
66.18,9.080000000000002,1
66.68,9.080000000000002,1
67.18,9.080000000000002,1
67.68,9.080000000000002,1
68.18,9.080000000000002,1
68.68,9.080000000000002,1
69.18,9.080000000000002,1
69.68,9.080000000000002,1
70.18,9.080000000000002,1
70.68,9.080000000000002,1
71.18,9.080000000000002,1
71.68,9.080000000000002,1
72.18,9.080000000000002,2
72.68,9.080000000000002,2
73.18,9.080000000000002,2
73.68,9.080000000000002,2
74.18,9.080000000000002,2
74.68,9.080000000000002,2
75.18,9.080000000000002,3
75.68,9.080000000000002,4
76.18,9.080000000000002,4
76.68,9.080000000000002,5
77.18,9.080000000000002,5
77.68,9.080000000000002,5
78.18,9.080000000000002,5
78.68,9.080000000000002,4
79.18,9.080000000000002,4
79.68,9.080000000000002,4
80.18,9.080000000000002,5
80.68,9.080000000000002,4
81.18,9.080000000000002,3
81.68,9.080000000000002,1
82.18,9.080000000000002,1
82.68,9.080000000000002,1
83.18,9.080000000000002,1
83.68,9.080000000000002,1
84.18,9.080000000000002,1
84.68,9.080000000000002,1
85.18,9.080000000000002,1
85.68,9.080000000000002,1
86.18,9.080000000000002,1
86.68,9.080000000000002,1
87.18,9.080000000000002,1
87.68,9.080000000000002,1
88.18,9.080000000000002,1
88.68,9.080000000000002,1
89.18,9.080000000000002,1
89.68,9.080000000000002,1
90.18,9.080000000000002,1
90.68,9.080000000000002,1
91.18,9.080000000000002,1
91.68,9.080000000000002,2
92.18,9.080000000000002,3
92.68,9.080000000000002,32767
60.18,8.580000000000002,1
60.68,8.580000000000002,1
61.18,8.580000000000002,1
61.68,8.580000000000002,1
62.18,8.580000000000002,1
62.68,8.580000000000002,1
63.18,8.580000000000002,1
63.68,8.580000000000002,1
64.18,8.580000000000002,1
64.68,8.580000000000002,1
65.18,8.580000000000002,1
65.68,8.580000000000002,1
66.18,8.580000000000002,1
66.68,8.580000000000002,1
67.18,8.580000000000002,1
67.68,8.580000000000002,1
68.18,8.580000000000002,1
68.68,8.580000000000002,1
69.18,8.580000000000002,1
69.68,8.580000000000002,1
70.18,8.580000000000002,1
70.68,8.580000000000002,1
71.18,8.580000000000002,1
71.68,8.580000000000002,1
72.18,8.580000000000002,2
72.68,8.580000000000002,3
73.18,8.580000000000002,3
73.68,8.580000000000002,2
74.18,8.580000000000002,2
74.68,8.580000000000002,2
75.18,8.580000000000002,2
75.68,8.580000000000002,3
76.18,8.580000000000002,4
76.68,8.580000000000002,4
77.18,8.580000000000002,5
77.68,8.580000000000002,5
78.18,8.580000000000002,4
78.68,8.580000000000002,4
79.18,8.580000000000002,4
79.68,8.580000000000002,4
80.18,8.580000000000002,5
80.68,8.580000000000002,5
81.18,8.580000000000002,4
81.68,8.580000000000002,2
82.18,8.580000000000002,1
82.68,8.580000000000002,1
83.18,8.580000000000002,1
83.68,8.580000000000002,1
84.18,8.580000000000002,1
84.68,8.580000000000002,1
85.18,8.580000000000002,1
85.68,8.580000000000002,1
86.18,8.580000000000002,1
86.68,8.580000000000002,1
87.18,8.580000000000002,1
87.68,8.580000000000002,1
88.18,8.580000000000002,1
88.68,8.580000000000002,1
89.18,8.580000000000002,1
89.68,8.580000000000002,1
90.18,8.580000000000002,1
90.68,8.580000000000002,1
91.18,8.580000000000002,1
91.68,8.580000000000002,2
92.18,8.580000000000002,3
92.68,8.580000000000002,32767
60.18,8.080000000000002,1
60.68,8.080000000000002,1
61.18,8.080000000000002,1
61.68,8.080000000000002,1
62.18,8.080000000000002,1
62.68,8.080000000000002,1
63.18,8.080000000000002,1
63.68,8.080000000000002,1
64.18,8.080000000000002,1
64.68,8.080000000000002,1
65.18,8.080000000000002,1
65.68,8.080000000000002,1
66.18,8.080000000000002,1
66.68,8.080000000000002,1
67.18,8.080000000000002,1
67.68,8.080000000000002,1
68.18,8.080000000000002,1
68.68,8.080000000000002,1
69.18,8.080000000000002,1
69.68,8.080000000000002,1
70.18,8.080000000000002,1
70.68,8.080000000000002,1
71.18,8.080000000000002,1
71.68,8.080000000000002,1
72.18,8.080000000000002,2
72.68,8.080000000000002,3
73.18,8.080000000000002,3
73.68,8.080000000000002,2
74.18,8.080000000000002,2
74.68,8.080000000000002,2
75.18,8.080000000000002,2
75.68,8.080000000000002,3
76.18,8.080000000000002,3
76.68,8.080000000000002,4
77.18,8.080000000000002,4
77.68,8.080000000000002,5
78.18,8.080000000000002,4
78.68,8.080000000000002,3
79.18,8.080000000000002,3
79.68,8.080000000000002,4
80.18,8.080000000000002,5
80.68,8.080000000000002,5
81.18,8.080000000000002,5
81.68,8.080000000000002,3
82.18,8.080000000000002,1
82.68,8.080000000000002,1
83.18,8.080000000000002,1
83.68,8.080000000000002,1
84.18,8.080000000000002,1
84.68,8.080000000000002,1
85.18,8.080000000000002,1
85.68,8.080000000000002,1
86.18,8.080000000000002,1
86.68,8.080000000000002,1
87.18,8.080000000000002,1
87.68,8.080000000000002,1
88.18,8.080000000000002,1
88.68,8.080000000000002,1
89.18,8.080000000000002,1
89.68,8.080000000000002,1
90.18,8.080000000000002,1
90.68,8.080000000000002,1
91.18,8.080000000000002,1
91.68,8.080000000000002,1
92.18,8.080000000000002,2
92.68,8.080000000000002,32767
60.18,7.580000000000002,1
60.68,7.580000000000002,1
61.18,7.580000000000002,1
61.68,7.580000000000002,1
62.18,7.580000000000002,1
62.68,7.580000000000002,1
63.18,7.580000000000002,1
63.68,7.580000000000002,1
64.18,7.580000000000002,1
64.68,7.580000000000002,1
65.18,7.580000000000002,1
65.68,7.580000000000002,1
66.18,7.580000000000002,1
66.68,7.580000000000002,1
67.18,7.580000000000002,1
67.68,7.580000000000002,1
68.18,7.580000000000002,1
68.68,7.580000000000002,1
69.18,7.580000000000002,1
69.68,7.580000000000002,1
70.18,7.580000000000002,1
70.68,7.580000000000002,1
71.18,7.580000000000002,1
71.68,7.580000000000002,1
72.18,7.580000000000002,2
72.68,7.580000000000002,3
73.18,7.580000000000002,2
73.68,7.580000000000002,2
74.18,7.580000000000002,2
74.68,7.580000000000002,2
75.18,7.580000000000002,2
75.68,7.580000000000002,3
76.18,7.580000000000002,3
76.68,7.580000000000002,4
77.18,7.580000000000002,4
77.68,7.580000000000002,4
78.18,7.580000000000002,3
78.68,7.580000000000002,3
79.18,7.580000000000002,3
79.68,7.580000000000002,4
80.18,7.580000000000002,5
80.68,7.580000000000002,5
81.18,7.580000000000002,5
81.68,7.580000000000002,4
82.18,7.580000000000002,2
82.68,7.580000000000002,1
83.18,7.580000000000002,1
83.68,7.580000000000002,1
84.18,7.580000000000002,1
84.68,7.580000000000002,1
85.18,7.580000000000002,1
85.68,7.580000000000002,1
86.18,7.580000000000002,1
86.68,7.580000000000002,1
87.18,7.580000000000002,1
87.68,7.580000000000002,1
88.18,7.580000000000002,1
88.68,7.580000000000002,1
89.18,7.580000000000002,1
89.68,7.580000000000002,1
90.18,7.580000000000002,2
90.68,7.580000000000002,1
91.18,7.580000000000002,1
91.68,7.580000000000002,1
92.18,7.580000000000002,2
92.68,7.580000000000002,32767
60.18,7.080000000000002,1
60.68,7.080000000000002,1
61.18,7.080000000000002,1
61.68,7.080000000000002,1
62.18,7.080000000000002,1
62.68,7.080000000000002,1
63.18,7.080000000000002,1
63.68,7.080000000000002,1
64.18,7.080000000000002,1
64.68,7.080000000000002,1
65.18,7.080000000000002,1
65.68,7.080000000000002,1
66.18,7.080000000000002,1
66.68,7.080000000000002,1
67.18,7.080000000000002,1
67.68,7.080000000000002,1
68.18,7.080000000000002,1
68.68,7.080000000000002,1
69.18,7.080000000000002,1
69.68,7.080000000000002,1
70.18,7.080000000000002,1
70.68,7.080000000000002,1
71.18,7.080000000000002,1
71.68,7.080000000000002,1
72.18,7.080000000000002,2
72.68,7.080000000000002,3
73.18,7.080000000000002,3
73.68,7.080000000000002,2
74.18,7.080000000000002,2
74.68,7.080000000000002,2
75.18,7.080000000000002,2
75.68,7.080000000000002,3
76.18,7.080000000000002,3
76.68,7.080000000000002,3
77.18,7.080000000000002,4
77.68,7.080000000000002,3
78.18,7.080000000000002,2
78.68,7.080000000000002,2
79.18,7.080000000000002,3
79.68,7.080000000000002,4
80.18,7.080000000000002,5
80.68,7.080000000000002,5
81.18,7.080000000000002,5
81.68,7.080000000000002,4
82.18,7.080000000000002,2
82.68,7.080000000000002,1
83.18,7.080000000000002,1
83.68,7.080000000000002,1
84.18,7.080000000000002,1
84.68,7.080000000000002,1
85.18,7.080000000000002,1
85.68,7.080000000000002,1
86.18,7.080000000000002,1
86.68,7.080000000000002,1
87.18,7.080000000000002,1
87.68,7.080000000000002,1
88.18,7.080000000000002,1
88.68,7.080000000000002,1
89.18,7.080000000000002,1
89.68,7.080000000000002,2
90.18,7.080000000000002,2
90.68,7.080000000000002,1
91.18,7.080000000000002,1
91.68,7.080000000000002,1
92.18,7.080000000000002,1
92.68,7.080000000000002,32767
60.18,6.580000000000002,2
60.68,6.580000000000002,2
61.18,6.580000000000002,1
61.68,6.580000000000002,1
62.18,6.580000000000002,1
62.68,6.580000000000002,1
63.18,6.580000000000002,1
63.68,6.580000000000002,1
64.18,6.580000000000002,1
64.68,6.580000000000002,1
65.18,6.580000000000002,1
65.68,6.580000000000002,1
66.18,6.580000000000002,1
66.68,6.580000000000002,1
67.18,6.580000000000002,1
67.68,6.580000000000002,1
68.18,6.580000000000002,1
68.68,6.580000000000002,1
69.18,6.580000000000002,1
69.68,6.580000000000002,1
70.18,6.580000000000002,1
70.68,6.580000000000002,1
71.18,6.580000000000002,1
71.68,6.580000000000002,1
72.18,6.580000000000002,3
72.68,6.580000000000002,4
73.18,6.580000000000002,3
73.68,6.580000000000002,2
74.18,6.580000000000002,2
74.68,6.580000000000002,2
75.18,6.580000000000002,2
75.68,6.580000000000002,2
76.18,6.580000000000002,3
76.68,6.580000000000002,3
77.18,6.580000000000002,3
77.68,6.580000000000002,2
78.18,6.580000000000002,2
78.68,6.580000000000002,2
79.18,6.580000000000002,2
79.68,6.580000000000002,3
80.18,6.580000000000002,5
80.68,6.580000000000002,5
81.18,6.580000000000002,5
81.68,6.580000000000002,4
82.18,6.580000000000002,2
82.68,6.580000000000002,1
83.18,6.580000000000002,1
83.68,6.580000000000002,1
84.18,6.580000000000002,1
84.68,6.580000000000002,1
85.18,6.580000000000002,1
85.68,6.580000000000002,1
86.18,6.580000000000002,1
86.68,6.580000000000002,1
87.18,6.580000000000002,1
87.68,6.580000000000002,1
88.18,6.580000000000002,1
88.68,6.580000000000002,1
89.18,6.580000000000002,1
89.68,6.580000000000002,2
90.18,6.580000000000002,2
90.68,6.580000000000002,2
91.18,6.580000000000002,1
91.68,6.580000000000002,1
92.18,6.580000000000002,1
92.68,6.580000000000002,32767
60.18,6.080000000000002,2
60.68,6.080000000000002,2
61.18,6.080000000000002,2
61.68,6.080000000000002,1
62.18,6.080000000000002,1
62.68,6.080000000000002,1
63.18,6.080000000000002,1
63.68,6.080000000000002,1
64.18,6.080000000000002,1
64.68,6.080000000000002,1
65.18,6.080000000000002,1
65.68,6.080000000000002,1
66.18,6.080000000000002,1
66.68,6.080000000000002,1
67.18,6.080000000000002,1
67.68,6.080000000000002,1
68.18,6.080000000000002,1
68.68,6.080000000000002,1
69.18,6.080000000000002,1
69.68,6.080000000000002,1
70.18,6.080000000000002,1
70.68,6.080000000000002,1
71.18,6.080000000000002,1
71.68,6.080000000000002,2
72.18,6.080000000000002,3
72.68,6.080000000000002,4
73.18,6.080000000000002,4
73.68,6.080000000000002,3
74.18,6.080000000000002,2
74.68,6.080000000000002,2
75.18,6.080000000000002,2
75.68,6.080000000000002,2
76.18,6.080000000000002,2
76.68,6.080000000000002,2
77.18,6.080000000000002,2
77.68,6.080000000000002,2
78.18,6.080000000000002,2
78.68,6.080000000000002,2
79.18,6.080000000000002,2
79.68,6.080000000000002,3
80.18,6.080000000000002,4
80.68,6.080000000000002,4
81.18,6.080000000000002,4
81.68,6.080000000000002,2
82.18,6.080000000000002,1
82.68,6.080000000000002,1
83.18,6.080000000000002,1
83.68,6.080000000000002,1
84.18,6.080000000000002,1
84.68,6.080000000000002,1
85.18,6.080000000000002,1
85.68,6.080000000000002,1
86.18,6.080000000000002,1
86.68,6.080000000000002,1
87.18,6.080000000000002,1
87.68,6.080000000000002,1
88.18,6.080000000000002,1
88.68,6.080000000000002,1
89.18,6.080000000000002,1
89.68,6.080000000000002,2
90.18,6.080000000000002,2
90.68,6.080000000000002,2
91.18,6.080000000000002,1
91.68,6.080000000000002,1
92.18,6.080000000000002,1
92.68,6.080000000000002,32767
60.18,5.580000000000002,1
60.68,5.580000000000002,1
61.18,5.580000000000002,2
61.68,5.580000000000002,1
62.18,5.580000000000002,1
62.68,5.580000000000002,1
63.18,5.580000000000002,1
63.68,5.580000000000002,1
64.18,5.580000000000002,1
64.68,5.580000000000002,1
65.18,5.580000000000002,1
65.68,5.580000000000002,1
66.18,5.580000000000002,1
66.68,5.580000000000002,1
67.18,5.580000000000002,1
67.68,5.580000000000002,1
68.18,5.580000000000002,1
68.68,5.580000000000002,1
69.18,5.580000000000002,1
69.68,5.580000000000002,1
70.18,5.580000000000002,1
70.68,5.580000000000002,1
71.18,5.580000000000002,1
71.68,5.580000000000002,1
72.18,5.580000000000002,2
72.68,5.580000000000002,3
73.18,5.580000000000002,4
73.68,5.580000000000002,3
74.18,5.580000000000002,2
74.68,5.580000000000002,2
75.18,5.580000000000002,2
75.68,5.580000000000002,2
76.18,5.580000000000002,2
76.68,5.580000000000002,2
77.18,5.580000000000002,2
77.68,5.580000000000002,2
78.18,5.580000000000002,1
78.68,5.580000000000002,1
79.18,5.580000000000002,1
79.68,5.580000000000002,2
80.18,5.580000000000002,2
80.68,5.580000000000002,2
81.18,5.580000000000002,2
81.68,5.580000000000002,1
82.18,5.580000000000002,1
82.68,5.580000000000002,1
83.18,5.580000000000002,1
83.68,5.580000000000002,1
84.18,5.580000000000002,1
84.68,5.580000000000002,1
85.18,5.580000000000002,1
85.68,5.580000000000002,1
86.18,5.580000000000002,1
86.68,5.580000000000002,1
87.18,5.580000000000002,1
87.68,5.580000000000002,1
88.18,5.580000000000002,1
88.68,5.580000000000002,1
89.18,5.580000000000002,1
89.68,5.580000000000002,2
90.18,5.580000000000002,2
90.68,5.580000000000002,1
91.18,5.580000000000002,1
91.68,5.580000000000002,1
92.18,5.580000000000002,1
92.68,5.580000000000002,32767
60.18,5.080000000000002,1
60.68,5.080000000000002,1
61.18,5.080000000000002,1
61.68,5.080000000000002,2
62.18,5.080000000000002,2
62.68,5.080000000000002,1
63.18,5.080000000000002,1
63.68,5.080000000000002,1
64.18,5.080000000000002,1
64.68,5.080000000000002,1
65.18,5.080000000000002,1
65.68,5.080000000000002,1
66.18,5.080000000000002,1
66.68,5.080000000000002,1
67.18,5.080000000000002,1
67.68,5.080000000000002,1
68.18,5.080000000000002,1
68.68,5.080000000000002,1
69.18,5.080000000000002,1
69.68,5.080000000000002,1
70.18,5.080000000000002,1
70.68,5.080000000000002,1
71.18,5.080000000000002,1
71.68,5.080000000000002,1
72.18,5.080000000000002,2
72.68,5.080000000000002,3
73.18,5.080000000000002,4
73.68,5.080000000000002,3
74.18,5.080000000000002,2
74.68,5.080000000000002,2
75.18,5.080000000000002,2
75.68,5.080000000000002,2
76.18,5.080000000000002,2
76.68,5.080000000000002,2
77.18,5.080000000000002,2
77.68,5.080000000000002,2
78.18,5.080000000000002,1
78.68,5.080000000000002,1
79.18,5.080000000000002,1
79.68,5.080000000000002,1
80.18,5.080000000000002,1
80.68,5.080000000000002,1
81.18,5.080000000000002,1
81.68,5.080000000000002,1
82.18,5.080000000000002,1
82.68,5.080000000000002,1
83.18,5.080000000000002,1
83.68,5.080000000000002,1
84.18,5.080000000000002,1
84.68,5.080000000000002,1
85.18,5.080000000000002,1
85.68,5.080000000000002,1
86.18,5.080000000000002,1
86.68,5.080000000000002,1
87.18,5.080000000000002,1
87.68,5.080000000000002,1
88.18,5.080000000000002,1
88.68,5.080000000000002,1
89.18,5.080000000000002,1
89.68,5.080000000000002,1
90.18,5.080000000000002,1
90.68,5.080000000000002,1
91.18,5.080000000000002,1
91.68,5.080000000000002,1
92.18,5.080000000000002,1
92.68,5.080000000000002,32767
60.18,4.580000000000002,1
60.68,4.580000000000002,1
61.18,4.580000000000002,1
61.68,4.580000000000002,1
62.18,4.580000000000002,2
62.68,4.580000000000002,2
63.18,4.580000000000002,1
63.68,4.580000000000002,1
64.18,4.580000000000002,1
64.68,4.580000000000002,1
65.18,4.580000000000002,1
65.68,4.580000000000002,1
66.18,4.580000000000002,1
66.68,4.580000000000002,1
67.18,4.580000000000002,1
67.68,4.580000000000002,1
68.18,4.580000000000002,1
68.68,4.580000000000002,1
69.18,4.580000000000002,1
69.68,4.580000000000002,1
70.18,4.580000000000002,1
70.68,4.580000000000002,1
71.18,4.580000000000002,1
71.68,4.580000000000002,1
72.18,4.580000000000002,2
72.68,4.580000000000002,3
73.18,4.580000000000002,4
73.68,4.580000000000002,3
74.18,4.580000000000002,2
74.68,4.580000000000002,2
75.18,4.580000000000002,2
75.68,4.580000000000002,2
76.18,4.580000000000002,2
76.68,4.580000000000002,1
77.18,4.580000000000002,1
77.68,4.580000000000002,2
78.18,4.580000000000002,1
78.68,4.580000000000002,1
79.18,4.580000000000002,1
79.68,4.580000000000002,1
80.18,4.580000000000002,1
80.68,4.580000000000002,1
81.18,4.580000000000002,1
81.68,4.580000000000002,1
82.18,4.580000000000002,1
82.68,4.580000000000002,1
83.18,4.580000000000002,1
83.68,4.580000000000002,1
84.18,4.580000000000002,1
84.68,4.580000000000002,1
85.18,4.580000000000002,1
85.68,4.580000000000002,1
86.18,4.580000000000002,1
86.68,4.580000000000002,1
87.18,4.580000000000002,1
87.68,4.580000000000002,1
88.18,4.580000000000002,1
88.68,4.580000000000002,1
89.18,4.580000000000002,1
89.68,4.580000000000002,1
90.18,4.580000000000002,1
90.68,4.580000000000002,1
91.18,4.580000000000002,1
91.68,4.580000000000002,1
92.18,4.580000000000002,1
92.68,4.580000000000002,32767
60.18,4.080000000000002,1
60.68,4.080000000000002,1
61.18,4.080000000000002,1
61.68,4.080000000000002,1
62.18,4.080000000000002,1
62.68,4.080000000000002,2
63.18,4.080000000000002,1
63.68,4.080000000000002,1
64.18,4.080000000000002,1
64.68,4.080000000000002,1
65.18,4.080000000000002,1
65.68,4.080000000000002,1
66.18,4.080000000000002,1
66.68,4.080000000000002,1
67.18,4.080000000000002,1
67.68,4.080000000000002,1
68.18,4.080000000000002,1
68.68,4.080000000000002,1
69.18,4.080000000000002,1
69.68,4.080000000000002,1
70.18,4.080000000000002,1
70.68,4.080000000000002,1
71.18,4.080000000000002,1
71.68,4.080000000000002,1
72.18,4.080000000000002,2
72.68,4.080000000000002,3
73.18,4.080000000000002,4
73.68,4.080000000000002,3
74.18,4.080000000000002,2
74.68,4.080000000000002,2
75.18,4.080000000000002,2
75.68,4.080000000000002,2
76.18,4.080000000000002,1
76.68,4.080000000000002,1
77.18,4.080000000000002,1
77.68,4.080000000000002,1
78.18,4.080000000000002,1
78.68,4.080000000000002,1
79.18,4.080000000000002,1
79.68,4.080000000000002,1
80.18,4.080000000000002,1
80.68,4.080000000000002,1
81.18,4.080000000000002,1
81.68,4.080000000000002,1
82.18,4.080000000000002,1
82.68,4.080000000000002,1
83.18,4.080000000000002,1
83.68,4.080000000000002,1
84.18,4.080000000000002,1
84.68,4.080000000000002,1
85.18,4.080000000000002,1
85.68,4.080000000000002,1
86.18,4.080000000000002,1
86.68,4.080000000000002,1
87.18,4.080000000000002,1
87.68,4.080000000000002,1
88.18,4.080000000000002,1
88.68,4.080000000000002,1
89.18,4.080000000000002,1
89.68,4.080000000000002,1
90.18,4.080000000000002,2
90.68,4.080000000000002,2
91.18,4.080000000000002,1
91.68,4.080000000000002,1
92.18,4.080000000000002,1
92.68,4.080000000000002,32767
60.18,3.580000000000002,1
60.68,3.580000000000002,1
61.18,3.580000000000002,1
61.68,3.580000000000002,1
62.18,3.580000000000002,1
62.68,3.580000000000002,1
63.18,3.580000000000002,1
63.68,3.580000000000002,1
64.18,3.580000000000002,1
64.68,3.580000000000002,1
65.18,3.580000000000002,1
65.68,3.580000000000002,1
66.18,3.580000000000002,1
66.68,3.580000000000002,1
67.18,3.580000000000002,1
67.68,3.580000000000002,1
68.18,3.580000000000002,1
68.68,3.580000000000002,1
69.18,3.580000000000002,1
69.68,3.580000000000002,1
70.18,3.580000000000002,1
70.68,3.580000000000002,1
71.18,3.580000000000002,1
71.68,3.580000000000002,1
72.18,3.580000000000002,2
72.68,3.580000000000002,3
73.18,3.580000000000002,4
73.68,3.580000000000002,3
74.18,3.580000000000002,2
74.68,3.580000000000002,2
75.18,3.580000000000002,2
75.68,3.580000000000002,1
76.18,3.580000000000002,1
76.68,3.580000000000002,1
77.18,3.580000000000002,1
77.68,3.580000000000002,1
78.18,3.580000000000002,1
78.68,3.580000000000002,1
79.18,3.580000000000002,1
79.68,3.580000000000002,1
80.18,3.580000000000002,1
80.68,3.580000000000002,1
81.18,3.580000000000002,1
81.68,3.580000000000002,1
82.18,3.580000000000002,1
82.68,3.580000000000002,1
83.18,3.580000000000002,1
83.68,3.580000000000002,1
84.18,3.580000000000002,1
84.68,3.580000000000002,1
85.18,3.580000000000002,1
85.68,3.580000000000002,1
86.18,3.580000000000002,1
86.68,3.580000000000002,1
87.18,3.580000000000002,1
87.68,3.580000000000002,1
88.18,3.580000000000002,1
88.68,3.580000000000002,1
89.18,3.580000000000002,1
89.68,3.580000000000002,2
90.18,3.580000000000002,2
90.68,3.580000000000002,1
91.18,3.580000000000002,1
91.68,3.580000000000002,1
92.18,3.580000000000002,1
92.68,3.580000000000002,32767
60.18,3.080000000000002,1
60.68,3.080000000000002,1
61.18,3.080000000000002,1
61.68,3.080000000000002,1
62.18,3.080000000000002,1
62.68,3.080000000000002,1
63.18,3.080000000000002,1
63.68,3.080000000000002,1
64.18,3.080000000000002,1
64.68,3.080000000000002,2
65.18,3.080000000000002,2
65.68,3.080000000000002,2
66.18,3.080000000000002,2
66.68,3.080000000000002,1
67.18,3.080000000000002,1
67.68,3.080000000000002,1
68.18,3.080000000000002,1
68.68,3.080000000000002,1
69.18,3.080000000000002,1
69.68,3.080000000000002,1
70.18,3.080000000000002,1
70.68,3.080000000000002,1
71.18,3.080000000000002,1
71.68,3.080000000000002,1
72.18,3.080000000000002,1
72.68,3.080000000000002,3
73.18,3.080000000000002,4
73.68,3.080000000000002,3
74.18,3.080000000000002,2
74.68,3.080000000000002,2
75.18,3.080000000000002,2
75.68,3.080000000000002,1
76.18,3.080000000000002,1
76.68,3.080000000000002,1
77.18,3.080000000000002,1
77.68,3.080000000000002,1
78.18,3.080000000000002,1
78.68,3.080000000000002,1
79.18,3.080000000000002,1
79.68,3.080000000000002,1
80.18,3.080000000000002,1
80.68,3.080000000000002,1
81.18,3.080000000000002,1
81.68,3.080000000000002,1
82.18,3.080000000000002,1
82.68,3.080000000000002,1
83.18,3.080000000000002,1
83.68,3.080000000000002,1
84.18,3.080000000000002,1
84.68,3.080000000000002,1
85.18,3.080000000000002,1
85.68,3.080000000000002,1
86.18,3.080000000000002,1
86.68,3.080000000000002,1
87.18,3.080000000000002,1
87.68,3.080000000000002,1
88.18,3.080000000000002,1
88.68,3.080000000000002,1
89.18,3.080000000000002,1
89.68,3.080000000000002,2
90.18,3.080000000000002,2
90.68,3.080000000000002,2
91.18,3.080000000000002,1
91.68,3.080000000000002,1
92.18,3.080000000000002,1
92.68,3.080000000000002,32767
60.18,2.580000000000002,1
60.68,2.580000000000002,1
61.18,2.580000000000002,1
61.68,2.580000000000002,1
62.18,2.580000000000002,1
62.68,2.580000000000002,1
63.18,2.580000000000002,1
63.68,2.580000000000002,1
64.18,2.580000000000002,2
64.68,2.580000000000002,1
65.18,2.580000000000002,1
65.68,2.580000000000002,2
66.18,2.580000000000002,2
66.68,2.580000000000002,2
67.18,2.580000000000002,1
67.68,2.580000000000002,1
68.18,2.580000000000002,1
68.68,2.580000000000002,1
69.18,2.580000000000002,1
69.68,2.580000000000002,1
70.18,2.580000000000002,1
70.68,2.580000000000002,1
71.18,2.580000000000002,1
71.68,2.580000000000002,1
72.18,2.580000000000002,1
72.68,2.580000000000002,3
73.18,2.580000000000002,4
73.68,2.580000000000002,3
74.18,2.580000000000002,2
74.68,2.580000000000002,2
75.18,2.580000000000002,1
75.68,2.580000000000002,1
76.18,2.580000000000002,1
76.68,2.580000000000002,1
77.18,2.580000000000002,1
77.68,2.580000000000002,1
78.18,2.580000000000002,1
78.68,2.580000000000002,1
79.18,2.580000000000002,1
79.68,2.580000000000002,1
80.18,2.580000000000002,1
80.68,2.580000000000002,1
81.18,2.580000000000002,1
81.68,2.580000000000002,1
82.18,2.580000000000002,1
82.68,2.580000000000002,1
83.18,2.580000000000002,1
83.68,2.580000000000002,1
84.18,2.580000000000002,1
84.68,2.580000000000002,1
85.18,2.580000000000002,1
85.68,2.580000000000002,1
86.18,2.580000000000002,1
86.68,2.580000000000002,1
87.18,2.580000000000002,1
87.68,2.580000000000002,1
88.18,2.580000000000002,1
88.68,2.580000000000002,1
89.18,2.580000000000002,1
89.68,2.580000000000002,2
90.18,2.580000000000002,2
90.68,2.580000000000002,2
91.18,2.580000000000002,1
91.68,2.580000000000002,1
92.18,2.580000000000002,1
92.68,2.580000000000002,32767
